{
  "colors" : [
    {
      "color" : {
        "platform" : "universal",
        "reference" : "systemBlueColor"
      },
      "idiom" : "universal"
    },
    {
      "appearances" : [
        {
          "appearance" : "luminosity",
          "value" : "light"
        }
      ],
      "color" : {
        "platform" : "universal",
        "reference" : "systemBlueColor"
      },
      "idiom" : "universal"
    },
    {
      "appearances" : [
        {
          "appearance" : "luminosity",
          "value" : "dark"
        }
      ],
      "color" : {
        "platform" : "universal",
        "reference" : "systemBlueColor"
      },
      "idiom" : "universal"
    }
  ],
  "info" : {
    "author" : "xcode",
    "version" : 1
  }
}
